,mean,std,2.5q,25q,50q,75q,97.5q,mc err
a(11),2.4147405677563563,0.04232804658649061,2.3341073127247363,2.3854770456009566,2.4135312075072246,2.442952724130996,2.501635089187776,0.0008730111233013566
a(22),2.077334121417723,0.043323112351783294,1.9941182457855007,2.048362752947971,2.0762155357220933,2.1064631369635163,2.16451826682511,0.0009942948796590515
a_std,0.26226679463470276,0.032348124093550264,0.19844290271931647,0.24068362186419962,0.2624155645632348,0.28307712856969375,0.3277792850381068,0.0010973302588593219
a_subj(11).15,2.3050256443948727,0.1794171827674514,1.974131299555554,2.181513778703027,2.2978325136365783,2.421988913924347,2.6755128637442978,0.0023405439459712523
a_subj(11).16,2.387507187669992,0.21117975101315417,1.999497328499087,2.240622777148572,2.3780977716248537,2.5237920470594166,2.8360945936595883,0.0031539419305054274
a_subj(11).17,2.4030468317614884,0.18241453120567935,2.06462244559019,2.278821735420772,2.3961551318284617,2.5218547225617334,2.7762121125134684,0.0023328351530847867
a_subj(11).24,2.4884272693458533,0.21587905906269816,2.0825287386164018,2.341316201370562,2.4777371954331335,2.63109901829525,2.9368142933670573,0.002937146561383529
a_subj(11).26,2.2802256348349563,0.17124071478842515,1.9587354013141978,2.1631481322284687,2.2753708762575404,2.3894244011408277,2.6421530779406877,0.002204774479270845
a_subj(11).28,2.4240413332204893,0.19895229018146865,2.0587375295928765,2.288247986824953,2.4149214733220474,2.5499005829229047,2.8437702455797895,0.0028447263453614696
a_subj(11).30,2.3952142170849866,0.18952170718677472,2.0387526536311533,2.2657124881156543,2.3890541169948443,2.5155782762012553,2.7882102095854977,0.0027900356322231165
a_subj(11).34,2.5057093465267966,0.1853936611029121,2.1564158773399855,2.380039628716643,2.496947904637484,2.6244801621119245,2.8906351799857495,0.0023050947981770784
a_subj(11).36,1.9635186027863951,0.19438961645670758,1.6033804641797078,1.827081565658405,1.9568390558852244,2.0934708321166613,2.3531953872622493,0.004280024286022711
a_subj(11).38,2.5764402736354866,0.18993530054573793,2.2240022812112485,2.445175763018354,2.5704071256026086,2.701110569322358,2.9734095920623034,0.002571033745456838
a_subj(11).40,2.605285816574305,0.19359487689805452,2.2474722535600598,2.4700615335278795,2.5987880421661265,2.7322562298072106,3.0121532119223713,0.0025044246565863342
a_subj(11).42,2.32858181878654,0.1777598443238782,2.005524312806572,2.2030000974338737,2.319784385072838,2.4442260447452036,2.6975503646325434,0.0022973332639984485
a_subj(11).44,2.394938394539289,0.1831663522245064,2.059114751293395,2.2687059332257187,2.386329582214318,2.5117891144061346,2.7750628493082727,0.0022702827720726725
a_subj(11).46,2.4558061191458966,0.19631573338641692,2.0888558404485624,2.320854776202556,2.4487280155705324,2.5829183910373166,2.8594527101726266,0.002517516592651914
a_subj(11).48,2.5827533335510053,0.22310694044431015,2.1870370229552454,2.427033824512705,2.5698371876158346,2.7239207861589527,3.0585064923232896,0.003585753095237252
a_subj(11).50,2.525490673541768,0.1956097096629724,2.172775049684196,2.3889153523954825,2.516691541553991,2.652238763316422,2.937355803911109,0.0024257518761121007
a_subj(11).52,2.1909929306738185,0.16182907234963406,1.884790962982753,2.078708276704366,2.1876769512345593,2.295237727199032,2.52449142673474,0.0023308496990244653
a_subj(11).57,2.5691962224021516,0.19776609629213943,2.203584754769654,2.4355000324371083,2.558540320876078,2.6976930007331,2.9778358646831213,0.0024670709901151297
a_subj(11).59,2.3614015644390025,0.177166310314397,2.0307403913199185,2.2395880753372603,2.3555764286563385,2.47543233395919,2.7232059069270846,0.0016609491840739957
a_subj(11).63,2.401626403857407,0.1945336694270942,2.039492784484704,2.269406360566227,2.393411717880518,2.526519951928755,2.8103157233028684,0.0029556150627330965
a_subj(11).72,2.3140321175514256,0.1775456062380343,1.9892235323691099,2.1902561854435962,2.3069374431823406,2.4316884591266446,2.673995426621737,0.002577337168852661
a_subj(11).79,2.226218170380932,0.16067158533543496,1.9279610954708108,2.1142281692906737,2.2215118208820543,2.334008627252256,2.5536973212186256,0.0022830546712637586
a_subj(11).83,2.630406991698688,0.20932201834662573,2.2491352249045136,2.485271524800903,2.619473606381556,2.7683144997469498,3.059864904962664,0.0030448238692082274
a_subj(11).87,2.3245456297118845,0.19247041330947773,1.9794091133773453,2.1912354941090015,2.313195824913235,2.449426219883277,2.7308189158351692,0.003129464249194128
a_subj(11).92,2.5994443854925113,0.19001472829241609,2.255772813062034,2.466001918268855,2.590659604083472,2.7205474362782116,2.994898333000359,0.002376588399713715
a_subj(11).94,2.4865851720593986,0.17791586654735578,2.1581086059832906,2.3631307764871416,2.478954303793278,2.6012534482514686,2.8610532359737,0.0023582925336807477
a_subj(11).95,2.045671532324955,0.17842124599250603,1.7006917221125037,1.9212654080314726,2.044922700469132,2.1667369891816217,2.4064537674963926,0.0032757102669093755
a_subj(11).97,2.6164952253895457,0.1868245615032799,2.275272369289215,2.48689086284132,2.60839137568589,2.7383611958292526,3.009814616822309,0.0023471316655187075
a_subj(11).100,2.370218431432878,0.17953220338072137,2.0313229398676067,2.2472618048002757,2.3658099714003304,2.486501832311954,2.732674076673603,0.0029703304239975586
a_subj(11).105,2.420104190293772,0.1703630570026861,2.1020629936632034,2.302766256508839,2.4135083176415306,2.5307198934456547,2.771383422847936,0.0021997364769609684
a_subj(11).107,2.2020291133744916,0.17315751194719986,1.8816652703469225,2.082709059854501,2.1963021570499746,2.3139628942843684,2.559180584261713,0.002235779090982532
a_subj(11).108,2.171263847739438,0.1662084854796548,1.8606978976998214,2.055523895148796,2.168581174358507,2.2812909511268913,2.5081606593945605,0.00251343900221396
a_subj(11).109,2.376555417324555,0.17881946470145804,2.0477841379363113,2.2522633295816323,2.3695492725894636,2.4919974734707613,2.7509730691335115,0.002365470372696874
a_subj(11).112,2.6137271353420592,0.1905936672950086,2.261906914709515,2.48113694707544,2.6034869478095377,2.7350882343797425,3.0166482799831806,0.0019777456487825827
a_subj(11).117,2.5924200909250943,0.18226535940573524,2.2560704311461053,2.4681293750594686,2.5851170841937265,2.710943493777107,2.9753313440873996,0.0026935391699722784
a_subj(11).118,2.182390380021048,0.18026150574374647,1.8378220121081585,2.0593261192673533,2.1782157310303183,2.3001361712520163,2.548375934303886,0.002908993736976093
a_subj(11).119,1.928700783412626,0.1550766716793686,1.6357704057465865,1.821185146878372,1.9237686208406077,2.0326287904703926,2.2409272765535273,0.0028165925919176383
a_subj(11).121,2.450862217476258,0.20119915783561126,2.079705108308837,2.311201749984574,2.4436736660163185,2.578702386256853,2.8748481696653254,0.002654774816868424
a_subj(11).123,2.619805714924899,0.20098257274881828,2.2493211973535816,2.478612681306866,2.6125232701103394,2.749954445016369,3.042665017423001,0.0027273129845035507
a_subj(11).126,2.4327178453998313,0.18683538532150082,2.091720260818847,2.305335361248648,2.425968632142576,2.5525651361120762,2.8232807562457385,0.002668918904380437
a_subj(11).130,2.478753675400359,0.17767126786681733,2.1471032876906833,2.3565595563005877,2.4726508713480486,2.5922835041859957,2.846803388390673,0.002190914181083544
a_subj(11).131,2.6543252883085757,0.20621943921171293,2.2777042918636727,2.5122545118989286,2.64299690242097,2.786386908724924,3.0856165692643884,0.003023490873761034
a_subj(11).134,2.4762150184737273,0.19576021472074104,2.1197683224337607,2.338745618609659,2.467447618800342,2.603455348314193,2.8892337869243874,0.0029957200452842654
a_subj(11).135,2.2145236428812645,0.18630545428891931,1.8636953475524953,2.0865527997843283,2.2104108358838115,2.3374921527945354,2.5922241024978483,0.0026212765620793454
a_subj(11).136,2.25168306766726,0.19625469996239828,1.88298370438359,2.116111124046709,2.245857749802916,2.380549857586003,2.644557928570711,0.0028140165350475314
a_subj(11).142,2.6494420040689795,0.20710964250771294,2.272099323245016,2.5056150887934736,2.638577751023475,2.7814454495959393,3.081019592798539,0.002806216853659834
a_subj(11).145,2.466007545737301,0.189937525531396,2.112715293913307,2.3353964171056267,2.458866124240242,2.5892597987691084,2.8540490766406528,0.0030553528775205353
a_subj(11).146,2.6000551668071386,0.19846983129636855,2.238140902144881,2.4612431257746192,2.592301219097847,2.7310706477613804,3.0118835800896515,0.0029809826327980137
a_subj(11).148,2.6098417441894144,0.19766194150834243,2.243112605494687,2.4745244826511263,2.6016881736549093,2.73652253929481,3.0209755383523684,0.002918430212194799
a_subj(11).152,2.512527474300048,0.2103898075340895,2.124695708870128,2.369376918721094,2.5050337913973237,2.6444933241576614,2.9577913558471662,0.0033518594916750336
a_subj(11).154,2.227137017980882,0.1766478301518693,1.9037271917189578,2.10527711888475,2.218155014624772,2.3440155772205555,2.592021880770562,0.0025856492980362395
a_subj(11).155,2.3475937302886116,0.18600477531566623,2.0033571147948,2.220042711654291,2.3402713619363142,2.4657971398882594,2.734350257380288,0.00214526464733951
a_subj(11).157,2.5571572902304354,0.17877511455778963,2.2252581028423206,2.434011419844023,2.5484756895958283,2.673261040272642,2.9263094999524037,0.0021811987351404755
a_subj(11).159,2.550361844945451,0.19099709346392263,2.200509095878346,2.4185488119926606,2.542438807502106,2.6746859643467196,2.943261554200234,0.00271974312376283
a_subj(11).161,2.541431393020505,0.190949716902865,2.1902271423267226,2.4124024158815924,2.53280727064489,2.664025910584349,2.9456494535348874,0.0026331652332269237
a_subj(11).176,2.543471302070513,0.19939067687321393,2.1827771085891063,2.4032567007110375,2.5324316718566147,2.6713503335249795,2.9675582305890287,0.0027336363267084023
a_subj(11).178,2.4285702311321806,0.1791890678780805,2.0992667518177184,2.306561592455289,2.420915891150138,2.5423312091791606,2.8051637713074133,0.0025045248985281726
a_subj(11).179,2.576568497350926,0.2257892696112211,2.161312860809053,2.418861308817192,2.567877898886578,2.7215359572528057,3.053441129101695,0.0027172616819580984
a_subj(11).181,2.480299157183884,0.17947313501799117,2.1475664935772913,2.3554552142873284,2.4743294616400187,2.598394332869063,2.8551010776381878,0.0024364050213112405
a_subj(11).183,2.429057430764745,0.18230791015246542,2.0955299728786825,2.303041235282533,2.4231356100604398,2.5465934195633877,2.808787745841379,0.002328702300371895
a_subj(11).184,2.238707073752715,0.16209641736748112,1.9406770681550265,2.1265776205711626,2.2353075744879067,2.3452471376722874,2.565133771066117,0.002232063364634626
a_subj(11).186,2.557990379392859,0.18832385662414702,2.206539716969109,2.4274579753381063,2.5525507730695223,2.678445294931469,2.946790710908987,0.0025039769357964948
a_subj(11).189,2.5033132564954563,0.25628942500259905,2.0364225543185195,2.3274243339423837,2.49153145486496,2.668002850833222,3.041551593752264,0.003344392585691284
a_subj(11).193,2.3788920725409595,0.18340137056291636,2.037388160811428,2.251992804737062,2.3705300638743907,2.4970255260855465,2.7610243125189724,0.0024535165897381942
a_subj(11).194,2.4890532175730677,0.19237061813486703,2.1372195302401518,2.3569205668342237,2.4828886049707886,2.6144076544841237,2.889526011748938,0.0027169421438645192
a_subj(11).196,2.5535316811650848,0.20364353066788224,2.1814182639742103,2.4096571183794464,2.5422913215645986,2.6865584804775,2.98428610455863,0.0024318553414595274
a_subj(11).1001,2.3821891113132905,0.18510660949637145,2.048008648118539,2.2551059765655763,2.373610314038353,2.499139060606477,2.776417898344309,0.0028496540119528793
a_subj(11).1003,2.553361171111275,0.20266820521720974,2.1825965459148318,2.4114798389191145,2.5436716850990626,2.6841754249461474,2.976943729281702,0.003851464999056504
a_subj(11).1007,2.3916835700133117,0.17486302080886262,2.0669829369150854,2.2726434287298742,2.384190608148173,2.5009443976665233,2.7519873338133167,0.0023163833047144854
a_subj(11).1009,2.3505387427750213,0.17302000418475516,2.03021489394181,2.229641887812211,2.3444355991740515,2.4625386595767607,2.7000343866601555,0.0019842185315309003
a_subj(11).1015,2.3525153147272286,0.18100901366450756,2.016368031027365,2.228890221297175,2.3466029191259716,2.470748726852879,2.726619524642004,0.0020243079963455568
a_subj(11).1017,2.191041127975897,0.17143139011333472,1.8704288615926854,2.074547593730614,2.1839494389426695,2.3006827838423103,2.5441692389606185,0.0024194837874315176
a_subj(11).1021,2.4576856963254374,0.19880993162935487,2.092547093655655,2.3217462640460993,2.4479223182930663,2.587693454630542,2.8671496881719323,0.002883387478258617
a_subj(11).1025,2.226634301780218,0.17346583245967223,1.908258326962446,2.108957317832646,2.216480648184219,2.337501426060058,2.5956402166541546,0.00236921385616581
a_subj(11).1027,2.3015064464040544,0.19041514906764576,1.947686100062945,2.171801222623793,2.2932592681994217,2.4248754366495113,2.7001418347656303,0.0033557406234678566
a_subj(11).1029,2.364683626644617,0.17168707047922385,2.0394418520176303,2.2470845441701752,2.360259512516651,2.4764828810029456,2.718599677944068,0.001980433694387106
a_subj(11).1031,2.3095255285146523,0.19563895146749377,1.9390976421742052,2.1775032115226773,2.3042469853534873,2.4383016049911688,2.712899337287914,0.00326144622217683
a_subj(11).1033,2.325133172023754,0.16707305103032236,2.014970523283027,2.2094828889506752,2.318511584429985,2.4348663067856187,2.666019780139436,0.0022252310632706216
a_subj(11).1035,2.133312012751851,0.19095184505598467,1.7714445395027727,2.0021455302200026,2.129209493767315,2.261641549914122,2.5173141608742786,0.0038492027258486016
a_subj(11).1041,2.31557627068196,0.20037530328371914,1.9505731574487233,2.174379910353003,2.306526608618212,2.4477563561251032,2.741244185327621,0.0034482341722997974
a_subj(11).1043,2.7099669861360205,0.20223833593320117,2.3493905284003587,2.567940240862832,2.6986831751218867,2.838272413050992,3.1424948999263593,0.002816573902174236
a_subj(11).1045,2.3694999580810916,0.1844633163251241,2.040352610594497,2.2396593747147038,2.359776701966661,2.4862243943978988,2.759715098157801,0.0024068795404403455
a_subj(22).15,1.9699252057881627,0.1948656243519732,1.6154289103859614,1.8324605662426448,1.958611037947251,2.0995033764844377,2.380054623558038,0.0028465975609194127
a_subj(22).16,2.212296336141617,0.19966026833774486,1.8569854229555862,2.0751968963124914,2.1986431397158963,2.3349100421968796,2.6376332747006916,0.002919232497819138
a_subj(22).17,2.1647456541961656,0.18558868452058272,1.8261704601414126,2.03708745575714,2.1543333973833754,2.2828047257747106,2.558419576684972,0.002902937310849629
a_subj(22).19,2.10609934626,0.21622276971237947,1.7180557707690345,1.954165201599801,2.094405434624775,2.2477331207099813,2.5598149728023953,0.004059178809016918
a_subj(22).24,2.3507378365996994,0.20024006331069535,1.9909051058176184,2.2090819232735615,2.341944311584196,2.4809020484665183,2.7696338883984355,0.002989123902274881
a_subj(22).26,1.7190745207193245,0.1769017485553433,1.391282398763919,1.5965455509514834,1.7124790970060741,1.8357281350215129,2.086823399800064,0.0034290233633423053
a_subj(22).28,1.8945717172497072,0.18998067443412725,1.5510758285460442,1.7637020492507285,1.8842654559791991,2.0140630567024056,2.3015526558002413,0.0031811414901348834
a_subj(22).30,2.1142830227083436,0.1931733801984525,1.7649742409474323,1.979577216696747,2.105051137345372,2.2370983974889485,2.531110829356836,0.002908899780549093
a_subj(22).34,1.8736857003588012,0.18776971986697752,1.5319313240353116,1.7414744556256272,1.8639165491524299,1.9956975305799756,2.25899707574214,0.0034129856952642016
a_subj(22).36,2.1636116660461377,0.20321495560099256,1.792617881459055,2.023332516051406,2.1562563388136664,2.2902008674072145,2.595814297476295,0.0027634398359853013
a_subj(22).38,2.0528979110900374,0.17623548546315473,1.7315936447382416,1.9321834112807406,2.0435689518727242,2.168009348533722,2.425075523819965,0.0023023490510470715
a_subj(22).40,2.125726144422349,0.19483934792862953,1.7687101642439236,1.9910302606612065,2.1195169413012467,2.251229913845004,2.5285344495396904,0.0028446194149801705
a_subj(22).42,2.236378804388568,0.21091369761382633,1.8407795399387972,2.0920070364001293,2.2267010832927876,2.372399297856796,2.6732474833864,0.003238179312102746
a_subj(22).44,2.1973947190073506,0.19507829145108918,1.834261752941365,2.0618503044990195,2.1893813052908278,2.3247697127221807,2.596668067747384,0.0028857614789493313
a_subj(22).46,2.0385394755533484,0.19461133126567676,1.6889072223947643,1.9002410072873186,2.02983331787715,2.1615659916490833,2.447962211317946,0.0028808895710569975
a_subj(22).48,2.0216230487614846,0.1923290871912716,1.6801527367628695,1.8891815893713797,2.0113438854253354,2.143791690075197,2.432724358456996,0.0031976498500291472
a_subj(22).50,2.094067096811706,0.1987901586852406,1.7108296510084113,1.9610807857008423,2.0935639857556505,2.225961002171436,2.4916194799749203,0.00234149460685162
a_subj(22).52,1.5515489722332125,0.17589783222018693,1.2255052003746807,1.4295590336559276,1.5458341983535295,1.6645896639005908,1.921831654697655,0.0036036882324340506
a_subj(22).57,2.441812828973076,0.2018404065152515,2.0734850102469125,2.3026192152593645,2.4327176947512625,2.5724776313606816,2.859585512085123,0.003985222924864646
a_subj(22).59,1.9907834147880388,0.19981581115567323,1.6254617142391372,1.8519970851411005,1.9820587069304088,2.118394495299119,2.4108232309329,0.0034325850708683743
a_subj(22).63,2.2947076723073647,0.20871531551860364,1.9220828116376163,2.1470033716405643,2.281600935865267,2.4279085227548527,2.7352719845134743,0.0030950454328884233
a_subj(22).72,1.8489058838319674,0.17892902396318414,1.515448697181159,1.7262390094127862,1.8395882240293342,1.9670638771167115,2.2159130102976157,0.002947153681782181
a_subj(22).79,1.9353604205305117,0.1896031986302091,1.5925447225857328,1.802671525075164,1.9250573948956484,2.0574308892085957,2.332262967452607,0.002958653627400349
a_subj(22).83,2.3332925089146026,0.193618415543722,1.9744843017289853,2.1990978851161382,2.3260490298973777,2.4591901594654084,2.7307246081758945,0.003506071533487874
a_subj(22).87,2.249272884018687,0.2119139992709836,1.8658679726723468,2.100665788615078,2.238056533322232,2.3852580822713048,2.691935148991547,0.0029233435638883294
a_subj(22).92,2.028028422505332,0.1893393465575379,1.6851425567301341,1.8947533098332785,2.0206584261910465,2.149842104695084,2.4279732549680615,0.0028808421034111197
a_subj(22).94,2.052526113496272,0.19168219786878216,1.7013995462610785,1.9180101567761263,2.046444770685528,2.1767315817684567,2.46118859773547,0.0029645678027933613
a_subj(22).95,1.9588101990590197,0.1823218089136787,1.627588881514499,1.8343120568690343,1.9489480705637443,2.077832559643616,2.340668811214335,0.002700211957065014
a_subj(22).97,2.435662169858303,0.21314803520971476,2.0517559500810383,2.288442527472303,2.4240271924951315,2.567945896483352,2.896507360417851,0.0031014090815892742
a_subj(22).100,2.2774054006625737,0.19316561136494997,1.9242257534543048,2.1442956407343408,2.2674227026985543,2.399132075996935,2.6895724758253814,0.0026764577190311585
a_subj(22).105,2.1244401547141436,0.18644936086296712,1.784004312195132,1.9954103217820376,2.116378365246641,2.2445065451883046,2.5117736132401136,0.002708678236544987
a_subj(22).107,1.947501661480766,0.1934743533570325,1.5988794261712354,1.8126752092599054,1.9355712669491119,2.071250971896487,2.3523420080318633,0.0030498369310463023
a_subj(22).108,2.0823123038721882,0.22096961685460798,1.6847830627502856,1.9270743786696147,2.0719017778251665,2.2262425150162017,2.545114699800993,0.003940049568333523
a_subj(22).109,1.9404699732970716,0.19109488078525974,1.587801374991272,1.8091776302186473,1.9306165981984187,2.063307397906723,2.3455751868408976,0.003073096839796246
a_subj(22).112,1.9224225839504316,0.18320537082188842,1.5895374708825525,1.7968410095956464,1.9131276854807475,2.0390932687421004,2.3109846717800155,0.002588111496164828
a_subj(22).117,1.7589665402980297,0.18244415298942684,1.4213111046406994,1.6291169608331972,1.7531679150971329,1.8798096602613126,2.1322864264962176,0.0033001315900877425
a_subj(22).118,1.9454328774706897,0.19807155512629585,1.5902634813647583,1.8073404650236355,1.9334438657465003,2.071382981891815,2.362765997874536,0.0030684982540432437
a_subj(22).119,1.9307484770258339,0.19028088027520507,1.5835943933506136,1.7993780235389003,1.9239953897882989,2.0543733595975873,2.326586719974279,0.002989959169074161
a_subj(22).121,2.00162515790977,0.19495288604532957,1.6443729818639978,1.8694262300684379,1.993976403364369,2.1247912416288193,2.4070943506830025,0.0029144421071851177
a_subj(22).123,2.1706904172153654,0.1972317852610074,1.8121323826493223,2.0355431767964514,2.16026671151631,2.2951174433473644,2.5927228436391436,0.0030648108256347063
a_subj(22).126,1.8807273829884223,0.1973177519093163,1.5063944981242812,1.7468399966944876,1.8757443535213758,2.0102110764167627,2.2830025833476153,0.003691176819333241
a_subj(22).130,1.7833818143850821,0.16739864820568334,1.4731774818031735,1.6689024184064287,1.7787079857782009,1.891347218832149,2.1268452072664497,0.0027959934502623076
a_subj(22).131,1.9832870989919058,0.20073832393726931,1.6187923070986925,1.8415300831688237,1.974571596985807,2.1120046706605944,2.3996439970446612,0.0035372245967367328
a_subj(22).134,2.224562535869719,0.1927887754792983,1.8741410624677113,2.0915423187610354,2.2139750098284687,2.348109290742781,2.6308208993864195,0.0027435043591428213
a_subj(22).135,1.8933320275914183,0.17938858626535015,1.5680157468826277,1.7697980582189627,1.8864553406272242,2.0075139531909967,2.2732763558907028,0.0027243972413439218
a_subj(22).136,1.9851729311465858,0.20147785121068992,1.6184009999378417,1.8454350565676099,1.975016261628524,2.1152451744727356,2.4087469141281272,0.003091519229558383
a_subj(22).142,2.1002103177372833,0.18960709500207548,1.7619837863119234,1.96777376967481,2.090854350096815,2.2210420903473143,2.5046620202241727,0.0028227712833522245
a_subj(22).145,2.0445090993622483,0.20699601815807736,1.6676626780471917,1.9001683648779955,2.035464981475794,2.1784167367321894,2.471279927338445,0.0036635432685625654
a_subj(22).146,1.9718999173819451,0.18775152626444275,1.6267940820933315,1.845459480932579,1.9612490835682739,2.090147381933017,2.371490032057493,0.002705076933392965
a_subj(22).148,2.047720195793879,0.2036638444631716,1.66084729725514,1.9085111057088877,2.0408169203500623,2.1801806069032024,2.466563373188909,0.0023103201141862696
a_subj(22).152,2.365635805746035,0.21022218621178104,1.9889337243353107,2.2166387262012095,2.3514460542004776,2.501186258994517,2.809850434746044,0.0034715388482654637
a_subj(22).154,1.912578505381516,0.19571506358573335,1.5552936714378784,1.7782116995095212,1.9019936644200774,2.0408183574740524,2.324545671529098,0.003216845668370722
a_subj(22).155,2.3054844049365566,0.20742945444078134,1.9364143077717006,2.158647194546704,2.2953249646267073,2.434293276979906,2.7451200421610054,0.0032008886495727383
a_subj(22).157,1.9614001159035404,0.18937432950331778,1.6123183197757678,1.83128382713227,1.9534350729825432,2.0828136186677444,2.3537140635667066,0.0029525804856187455
a_subj(22).159,2.5576639048316543,0.2277918866225169,2.1389477787207896,2.400890729034976,2.5485596475222017,2.701193147716377,3.03869840977601,0.0034789294148993644
a_subj(22).161,2.250250503639133,0.19384213254469,1.9044297835728896,2.114271405040549,2.241274909567399,2.3723799191273485,2.6498858837129924,0.0031656335549856834
a_subj(22).176,2.292719025263432,0.19256407451791183,1.9488794241803373,2.1594312420338277,2.2838265212122137,2.41404366377041,2.7010711259862417,0.0026532683377605525
a_subj(22).178,2.0477867172169466,0.1952835267030682,1.6935001858075538,1.9108754652614357,2.03591161951377,2.1737816903930494,2.461102027593453,0.003033108957017817
a_subj(22).179,2.322185218229582,0.2220734333025152,1.9175578561571058,2.1680465070920736,2.312420030939307,2.46307087593597,2.7950645219886123,0.0030903630161021748
a_subj(22).181,2.0159489978813037,0.18518479474586955,1.6795280267627377,1.8867599461987896,2.006489684854513,2.1330935752985245,2.41110359511337,0.0024356300121146997
a_subj(22).183,2.327670585983633,0.21004934571123202,1.9535965722774125,2.17961720258092,2.315266208849821,2.459210377381692,2.769149847501745,0.0031390996058664454
a_subj(22).184,1.8301475789305635,0.1854000679882454,1.4846897336094327,1.7019651751634304,1.8230046930096604,1.951597425410743,2.214033650138716,0.003336217865460251
a_subj(22).186,2.1207208046773234,0.174134300955475,1.8050885824432994,2.0004209677621905,2.1128908099690005,2.232802296883791,2.4892654278461364,0.0021755587639334197
a_subj(22).189,2.4903536395512704,0.21256303505342225,2.1136598963064293,2.3394118084489515,2.4781377246952525,2.6245152402416734,2.9416227183079435,0.0033478019287994224
a_subj(22).193,1.9726959419766459,0.18150663245389517,1.637915857130806,1.846403322470928,1.9658671741973237,2.0925100275778896,2.3530501581633136,0.0026814932826148903
a_subj(22).194,2.039334929728116,0.1861985481370519,1.6906742839069775,1.9126426365053213,2.0327098596565794,2.15885589021447,2.422241507289254,0.0030011085524278822
a_subj(22).196,2.2465004914526805,0.1884694008455892,1.9096698732505342,2.1147046212913456,2.2339848701164984,2.3625026571166705,2.6426916832294842,0.0025730504120515295
a_subj(22).1001,2.4333159352599987,0.23082678990471608,2.027828336937768,2.274212662777039,2.4175504369751484,2.575258954440031,2.9291094283050203,0.004010725411035627
a_subj(22).1003,2.235686269668487,0.1969558557594716,1.887088586691406,2.0978524231587468,2.223056079067764,2.359341374847115,2.655704917921165,0.0029088123053295505
a_subj(22).1007,2.153165312692817,0.19518172803471998,1.7939520243572376,2.0187750625647296,2.1417321630728066,2.2775046457804877,2.5598542729420704,0.0032115179858924294
a_subj(22).1009,2.157556724937132,0.2174471738221079,1.765649485701389,2.0084816734013984,2.1454348258210962,2.2923020440736313,2.622652544591829,0.00462168826835062
a_subj(22).1015,2.0791586557842687,0.1954974352179386,1.7306239416172389,1.9423424197326722,2.067584123959053,2.2019547344176544,2.489947482856296,0.0024240800414845705
a_subj(22).1017,1.9451934300945435,0.1915861833429909,1.592677628121138,1.8113804350807854,1.9364161388048666,2.071664311237904,2.3429248473797806,0.0028139782718777048
a_subj(22).1021,2.143527741575892,0.19425645358826324,1.7871742386272342,2.0081187656437582,2.1344333696209787,2.2657663090944817,2.5541327424729476,0.0032076697019549397
a_subj(22).1025,1.7956131828569655,0.18120218275516423,1.460367144775044,1.6712551464150516,1.7871919417883373,1.9135477561706473,2.1725783840865343,0.0032525131244628457
a_subj(22).1027,2.2494507094350507,0.204179454718069,1.8841148526743647,2.105537277245564,2.2371833131058976,2.381782009010523,2.679296028673191,0.002772876513179756
a_subj(22).1029,2.019796673161367,0.19607554597160184,1.666022756312678,1.8829532090722352,2.00840582099217,2.145018077526994,2.429426615040388,0.0029821127877871986
a_subj(22).1031,1.7724569471641753,0.18778140639734248,1.436861129179322,1.6398233798311983,1.7615866834233973,1.8935640810168406,2.17081748952698,0.003697534064578935
a_subj(22).1033,2.1671265244860725,0.2000524715521239,1.7960519452808716,2.028003278374502,2.1595952356687267,2.297663168625772,2.5765762749241077,0.0031280599057067426
a_subj(22).1035,2.1057970697146495,0.1943863619826724,1.7525770170420767,1.971038153327036,2.0968000332789507,2.229805238264355,2.5173087293125014,0.0027165642959970098
a_subj(22).1041,1.730240982746891,0.18459694584061198,1.3918397326566692,1.6002294744694159,1.7231683709691703,1.8509149361458412,2.116401025033075,0.003509460543192236
a_subj(22).1043,2.131704491625535,0.20956631699413278,1.7511561144231285,1.986524819198975,2.1210013968810317,2.267404876766949,2.569537847805871,0.0030621570177197565
a_subj(22).1045,2.0849182911104474,0.20567281961095427,1.7156098933293362,1.941777178148214,2.0766954667778226,2.2143763371858385,2.5120763849180716,0.0033914701438381182
v(11),0.39706004188587896,0.033303782915123176,0.3326313617438507,0.37479958230186133,0.3968416651234604,0.41921422700369865,0.4623378574157476,0.0005226924374482447
v(22),1.0096278097470317,0.04021201895444791,0.9316905651973117,0.9821480107895209,1.0093754230576129,1.036337445047221,1.0888659947640833,0.0008911048234107029
v_std,0.23704695146340224,0.02561226761051714,0.18958449168394853,0.2195489527286073,0.23615575371579248,0.2543292036302628,0.2888045834119193,0.0007260755570829981
v_subj(11).15,0.38678185971489604,0.15408017311683395,0.08255002644155385,0.2817391508519289,0.38558571072736525,0.4913832913654662,0.6918760730734516,0.0014631264423042288
v_subj(11).16,0.7876849231466151,0.1633174388358329,0.4790667486692243,0.6778526295660282,0.7853460640671274,0.8953392458517615,1.1154492426038014,0.002193619097408557
v_subj(11).17,0.2978862400810021,0.14464761127534578,0.013351114121496144,0.20002021136987247,0.2963445758328799,0.3940023816445651,0.5828409760572552,0.0013860295638074974
v_subj(11).24,-0.07309971812953925,0.15877831120394714,-0.38742787322597017,-0.18070249637751643,-0.07296146606927412,0.035604522399693805,0.22925100147163902,0.0020640670950102745
v_subj(11).26,0.4855655105941325,0.14857789238505265,0.20436379129346244,0.3868024526404146,0.4833684358626385,0.583751220876567,0.7806901414667473,0.0016840421555149028
v_subj(11).28,0.7195654066857382,0.1558575115091403,0.4143900215092461,0.6146495242134788,0.7186249050008993,0.821290114305479,1.031807399719747,0.0018413758139890952
v_subj(11).30,0.39413462060985893,0.14961200410151715,0.1063081714241767,0.29188722900114783,0.39289597572697293,0.49384123130995344,0.6882175947731253,0.001470059952789694
v_subj(11).34,0.42274315965481546,0.14037972917148542,0.15174005587229897,0.32816576920277574,0.4221459748712104,0.5141752899637679,0.7031195940367001,0.0013203382128349635
v_subj(11).36,0.5515236290559711,0.17098427967401333,0.22365200665613905,0.43503774170328,0.5469334817255205,0.6651164141525991,0.894617504888766,0.0017859112574102535
v_subj(11).38,0.3804824678552783,0.1366236084313548,0.11014350443996981,0.28853122564104794,0.3801394910946105,0.4738775720420813,0.6460858845983661,0.0013482436492515096
v_subj(11).40,0.37941955189201726,0.1368514305450133,0.11368170443639103,0.28635611790886084,0.3778050966817562,0.4719066965077452,0.6488631442281769,0.0013591183084120005
v_subj(11).42,0.5568034473248893,0.15339599403899534,0.26323724395598475,0.4518464711265516,0.5558555172904414,0.6582500776347993,0.8646810668963651,0.0016038844218627633
v_subj(11).44,0.3437763824278065,0.14846811816291564,0.05165971802455993,0.24389665540495353,0.344210460976886,0.44314722366644727,0.6334462632246642,0.0016539527611063374
v_subj(11).46,0.4138124947383585,0.15439461079569827,0.12224668499389016,0.3084824609957992,0.4101050828775121,0.5135890247978705,0.7214626286566936,0.0017664503906182634
v_subj(11).48,0.765244328981477,0.16411411264407283,0.44991501694999325,0.6548227136807044,0.7612448301627521,0.876157945711461,1.094932331908156,0.0021981460315328213
v_subj(11).50,0.3526739675250113,0.15642601145249865,0.04277936692118267,0.24712933008561971,0.3530376986649332,0.45937202806129507,0.6570493763685858,0.0015142273154653677
v_subj(11).52,0.34776712772119805,0.14869895226586108,0.05692875953857657,0.2491465136436548,0.3464036252582925,0.4463654883750179,0.6408412844872224,0.001580490814698908
v_subj(11).57,0.2093600913242584,0.13815444426777246,-0.06008969902703054,0.11555317383846642,0.2094865970610878,0.30088015748166574,0.48293071027533774,0.0014788189653060404
v_subj(11).59,0.248781187853143,0.14218158344947673,-0.026237641931099204,0.1533871057576811,0.24938921221399213,0.34425283808104773,0.5277467736936869,0.001546066902464791
v_subj(11).63,0.3334583062461807,0.15040356231399998,0.03953402884188861,0.23218821632865355,0.3337493662421055,0.4337166820053766,0.6323524349991199,0.0016152122509132318
v_subj(11).72,0.41313211228860763,0.14259060130412293,0.13741450341634187,0.31606077913616404,0.41421073829665506,0.5091750486119017,0.6946165534248503,0.0013616919836443363
v_subj(11).79,0.2228222332502088,0.14716097826833974,-0.06771062585944432,0.12238784463883612,0.2232405574407803,0.32246315798083136,0.507372018789926,0.0014625143832480436
v_subj(11).83,0.5341863605687301,0.14813213237470835,0.24956178600202664,0.4335946891405399,0.5323027387443717,0.6348275336213944,0.8252932572900914,0.0016248020280292918
v_subj(11).87,0.4425586809027448,0.14542893704888274,0.16172988676053063,0.3440436614452367,0.44244495768617753,0.5411502303613667,0.7263202083195612,0.001539843398141205
v_subj(11).92,0.43927789122573,0.13570564200834742,0.17149338111167656,0.3473908881859239,0.4379567701936593,0.5306213015314403,0.7104889661786284,0.001347554794355489
v_subj(11).94,0.16699347122805275,0.1358835070816638,-0.09917759770349344,0.0764451802807107,0.16633134705040065,0.2581503968345695,0.4344308850580145,0.0014532932649213293
v_subj(11).95,0.5165433612440248,0.1665571497394354,0.19348768715103556,0.4025020929910952,0.5153852487530884,0.6287127649437756,0.8477907434062775,0.0018258280970003676
v_subj(11).97,0.10055703465735917,0.13354691495537543,-0.16352924134976704,0.00981845005568796,0.09918807201948199,0.19017833698433312,0.3657097308299895,0.0015811748551743498
v_subj(11).100,0.26353416311707784,0.14242616366107425,-0.012640051250440654,0.16888290262231725,0.2632705575039543,0.357721794051315,0.5438492354311106,0.0013610703263848248
v_subj(11).105,0.2570323445371565,0.13479768496796374,-0.009113802489359835,0.16509610550066578,0.2571126479266569,0.34979379059326193,0.5181494159854829,0.0012851159832119458
v_subj(11).107,0.4011983459284111,0.1576793060141348,0.09637976359227524,0.29485485590615623,0.40142553678266624,0.5038519129258145,0.7165828702207999,0.0014440756802109559
v_subj(11).108,0.1712740665996752,0.1535191335769379,-0.132261548215648,0.06934115571057159,0.173093008626641,0.27451482391378257,0.4715360036902351,0.0015236740675004465
v_subj(11).109,0.03172531308091261,0.1532792026411635,-0.27303703672481394,-0.07117304582358269,0.032444626755602335,0.1358987670446088,0.3294421507056058,0.0018002384229875792
v_subj(11).112,0.38760478415814775,0.1334428505586215,0.13142425774088995,0.2979578192719323,0.3870202112296867,0.4751143753270649,0.6535778402254295,0.00116532402565341
v_subj(11).117,0.2719028490522389,0.12707296687401884,0.023677517168916862,0.18474003407476663,0.27071331381326,0.3580676078738404,0.5233982792702047,0.001300813386940263
v_subj(11).118,0.41327687118700607,0.15968543075804648,0.10004462508407852,0.3086212787308703,0.41203514742271763,0.5174608900993101,0.7372016768359797,0.0016735861289784155
v_subj(11).119,0.42621852270193933,0.168395584682488,0.09506499659719736,0.31427194699610755,0.42465978051640785,0.537217865120861,0.7613213827197924,0.0016437426780392815
v_subj(11).121,0.531280100682514,0.1548667963702111,0.23605942315743156,0.426437703419874,0.5297559538310415,0.6324609314710484,0.8442792119533862,0.0017402766846728902
v_subj(11).123,0.3509175689196794,0.14252324306258377,0.06938821040674248,0.25533802646409376,0.35052655172490355,0.4479297760587915,0.6282333717079563,0.00158744641705857
v_subj(11).126,0.6070603657166284,0.15015458832789252,0.31607120226914276,0.5052552891681453,0.6068503039138148,0.7072996061650401,0.9070032635658141,0.0016842399063525144
v_subj(11).130,0.3711880921072782,0.1346326018302633,0.10928706800919719,0.281740471508777,0.37162836440307545,0.4610249653628701,0.6363184187395629,0.001190741613476745
v_subj(11).131,0.6151613605852195,0.13830626464544157,0.344351002228321,0.5218410786462613,0.6132409199665757,0.7084505700327994,0.8860128631152093,0.0016163360160681441
v_subj(11).134,0.24607626631809776,0.14754578755508513,-0.04068635131010337,0.1448669820615361,0.24669147105964623,0.3465015809893368,0.532676351597567,0.0014291327583325622
v_subj(11).135,0.5247399612632565,0.16739486535541107,0.20559510938728637,0.4110621641967879,0.5224233819167934,0.6342962003625685,0.8605280378626834,0.0017564205180642012
v_subj(11).136,0.4679737383681544,0.17573240696698086,0.13143918455970607,0.34875211281060015,0.46533167569146777,0.584698711062734,0.8284511939044963,0.0018105330715847373
v_subj(11).142,0.4966157096454548,0.14447556981379533,0.2209292218196899,0.40055431120015816,0.49428871372651395,0.5907202055651433,0.7874045244863228,0.0015733179717959639
v_subj(11).145,0.4774902496364222,0.1487492367767014,0.19105352405479342,0.3773150424853676,0.4755184077222473,0.5754306478807603,0.7756018496254747,0.0014871345770788873
v_subj(11).146,0.6363972530968812,0.13644179199143502,0.3645421041123377,0.5457703703953646,0.6353624227836403,0.727300477944087,0.908693393685337,0.0016498599660541488
v_subj(11).148,0.48512561815147526,0.1427881200929189,0.20739223001904794,0.3877118570101824,0.4845930716966911,0.5801814021221502,0.7681732423211328,0.001625744063693469
v_subj(11).152,0.429550897313935,0.15578854362542646,0.1313823602570925,0.3241813620499639,0.4259631342062067,0.5328584269317399,0.7421403543169948,0.0018127704746202233
v_subj(11).154,0.30319958773461203,0.15216704309820694,0.004094158814140159,0.2022891449544325,0.3029173711636784,0.4050375623899345,0.6028417013338838,0.0015839353123856662
v_subj(11).155,0.4592747959482914,0.1558644894526139,0.15292219318368766,0.35450489932922197,0.4588955416124689,0.5626350696214775,0.7639099019050117,0.0015198236170219004
v_subj(11).157,0.31773396428451545,0.1345620635750771,0.05402446343666145,0.22661604932548168,0.3185013065103639,0.4064479417265239,0.5891347900079126,0.0014328439446092199
v_subj(11).159,0.35046036057610636,0.1417163440627092,0.08022036678627287,0.25401191144660884,0.34778023581056455,0.4482467366278725,0.6288084800645386,0.0018167159241943044
v_subj(11).161,0.30351894065009116,0.14150097106628262,0.028528113090757756,0.2075318054794108,0.3029282097657471,0.39744874336492975,0.5838076054364834,0.0014933101284791595
v_subj(11).176,0.6603590975732296,0.15310983905591402,0.3643967051261193,0.5570039852022259,0.656627472605402,0.7624350885182153,0.967092235000099,0.0018235963258891787
v_subj(11).178,0.3377202481337424,0.13905814537286754,0.06563596233164215,0.24468319324715293,0.3375158382128665,0.42958727136492564,0.6107466951715598,0.0013854212283778721
v_subj(11).179,0.4293724761464242,0.17191724803025718,0.10012656831489641,0.31142987452251053,0.42726610494456196,0.5418045480044964,0.779945241571986,0.0019495689860222528
v_subj(11).181,0.1545119150838299,0.13999769273353174,-0.11964296750502063,0.05942641695145312,0.15392000166342482,0.24979275513566224,0.42507184401509857,0.0013029359706637398
v_subj(11).183,0.29859677879843555,0.1481973411094172,0.007752115013876182,0.20047909050212176,0.2983587539647461,0.39870338079469625,0.5878608993965471,0.0014492218402578387
v_subj(11).184,0.23576485190797974,0.14741493532546304,-0.05611354018505883,0.13655905380093136,0.23691225110259134,0.3359697682129782,0.5240543279130498,0.0015876273665737673
v_subj(11).186,0.15532143462964887,0.14080913280004848,-0.12140062718475797,0.0626597558201425,0.1538739269142501,0.24863429725949726,0.4275747356571653,0.0014549386653992984
v_subj(11).189,0.5691709708787963,0.20236380718048141,0.17671272796374976,0.4308324831954387,0.5670625045863196,0.7036638508198515,0.9702778272958683,0.0024631763900954747
v_subj(11).193,0.49950550042146935,0.149067967635428,0.21025090876267674,0.3995401011851655,0.49810786723085454,0.5983876869177454,0.8003680370862338,0.001605625932188822
v_subj(11).194,0.3557672690074225,0.14269941832358998,0.08234828161847546,0.2596850097068599,0.35538429053470477,0.4483906832465743,0.639359649035849,0.0014114393148192896
v_subj(11).196,0.3291365421606299,0.1577429433991839,0.015866788875107174,0.22188506173292943,0.329606154362545,0.4357542252047833,0.6378588912576657,0.00144212821747064
v_subj(11).1001,0.35398296583638933,0.15125153121923332,0.06330136070909448,0.25251986821268485,0.3515897463110156,0.45393634566425933,0.6541417244081031,0.0015972137631256318
v_subj(11).1003,0.13869664087279263,0.1359283917698027,-0.12637587281618745,0.04655001050020896,0.14042155368687098,0.2305457280360354,0.4053968083638284,0.0014519089642772624
v_subj(11).1007,0.3643872968870405,0.14244422615284852,0.08378221417639475,0.26790327518482027,0.36415517019600296,0.45785248142527296,0.6483173125411739,0.001491640020143016
v_subj(11).1009,0.12717567710674652,0.14273313962044681,-0.15678505202628412,0.030504656417937315,0.1295201331639222,0.22327900623724806,0.40227388981292167,0.0015692437721050376
v_subj(11).1015,0.4119875466453619,0.1532533389199007,0.11723149438854139,0.30734693146187886,0.41080131913306456,0.5157292050732414,0.717641827014954,0.0014612721100794417
v_subj(11).1017,0.3880956431380884,0.15605019487085092,0.0727881952698356,0.2870757514092847,0.3878942052591404,0.49325298441268906,0.6929095016670295,0.0014600212440573424
v_subj(11).1021,0.36955068749439923,0.1500516429108499,0.07248352776004338,0.27048993367005125,0.37012088281662436,0.46763230378311726,0.6647545285541128,0.0016901827205698292
v_subj(11).1025,0.47821863638099804,0.14932398522091592,0.19577460333015928,0.3757180454755784,0.47582524538581833,0.5786410430890634,0.7739969295366953,0.00152792990419592
v_subj(11).1027,0.5329716703634986,0.1568096096227434,0.22884263865899185,0.4264177563838988,0.5323955175741414,0.6378221697475395,0.8402125383534657,0.001751278397546194
v_subj(11).1029,0.4560855501525473,0.14581401644202674,0.1696963962173197,0.35879038799119733,0.4533501029541479,0.553565002305964,0.7456565368415247,0.0014822312471763897
v_subj(11).1031,0.6954830749549952,0.16206351802702984,0.38999628516121065,0.5842508427798165,0.6931620564686662,0.8005213706680147,1.0202168921556554,0.001957137056422697
v_subj(11).1033,0.3154877530551881,0.1480732718859198,0.02822294540992243,0.21380138219239142,0.31576221986476244,0.4154647713088654,0.606980219916052,0.0017842309083612785
v_subj(11).1035,0.5440168331761336,0.16187094569766505,0.23464377175381018,0.43137298320226036,0.5443557381693611,0.6529684104288418,0.8692054176686371,0.0017336800912991974
v_subj(11).1041,0.7018832151772012,0.15885364102998523,0.40256999849227904,0.5944081003724236,0.6987003344955632,0.8062605208313544,1.0212779287970863,0.001908656447563204
v_subj(11).1043,0.5529647911324279,0.13418760776665434,0.2905875118109148,0.4630283124773379,0.5514316748347784,0.6427175554428433,0.8236490556277782,0.0013640312664490518
v_subj(11).1045,0.34354607703152484,0.1442311989745405,0.06263524349110461,0.24624114372738692,0.34268558892539724,0.4371392049102023,0.6327154549280778,0.0013031376504887679
v_subj(22).15,1.1414046931711528,0.18776956359942684,0.7743295020388085,1.0158192996387219,1.1388447842399647,1.2642846341237828,1.5188028645493974,0.002018953410550151
v_subj(22).16,1.0403801037573526,0.16434276278788257,0.7236695120325676,0.9291150993140931,1.0391839585467428,1.1518231067438576,1.3669873807471944,0.0017172255972065745
v_subj(22).17,0.8326371713790246,0.17039499807061181,0.49892466851281764,0.7166926175007332,0.8307618502950255,0.9473954070380864,1.1641041489658874,0.0016467081297578373
v_subj(22).19,1.0504080382636458,0.18124108687608545,0.7006381377097997,0.9279884344127793,1.0492376904444134,1.1709790879282718,1.4181590225476546,0.0018109269754172277
v_subj(22).24,0.852069327247181,0.15836758332914,0.5508529835786005,0.7428292699617582,0.8508297839896297,0.9570798308853872,1.1652153662336124,0.0016312387002396594
v_subj(22).26,1.0308184159626104,0.18889754951114995,0.6683434277773235,0.9036598465455354,1.0286963979318828,1.1569742952334905,1.4050032977446671,0.001952823323620562
v_subj(22).28,1.2063565273311443,0.18619902034224053,0.8489302978491207,1.0822510787317248,1.2045706023197993,1.3274784537630575,1.5759028715844017,0.002177094630288021
v_subj(22).30,1.1224983160963442,0.18017099179472448,0.7818190467200561,0.998631503119705,1.118492012575825,1.2444647258435608,1.482085004344267,0.0023037236850625264
v_subj(22).34,1.1333569419703164,0.1948845109819034,0.764085926555195,1.002000278329789,1.129211511749583,1.2599528107571794,1.5229351128614144,0.0023763980778095046
v_subj(22).36,1.0099473477965124,0.17887398169968777,0.666054331611888,0.8899435517809582,1.0094862406229883,1.1278447849332527,1.3722190728170784,0.0020534196301961525
v_subj(22).38,0.8485467368745869,0.178414903591139,0.5071816409661299,0.7284164490328234,0.8433600290673207,0.9673306838634756,1.212205642983709,0.00180614520171518
v_subj(22).40,0.9860852643642296,0.17387845960127513,0.6496658133576463,0.8687817292618927,0.9855536909177762,1.101920263323081,1.3282498769040265,0.001844929856562269
v_subj(22).42,1.0531639428648132,0.16956237351412065,0.7250755818304395,0.937348882595396,1.0504780844028516,1.165292230132407,1.3909163085229086,0.0017848117112361107
v_subj(22).44,0.9634542723844299,0.16725011266015022,0.6359428600906027,0.851907852436705,0.9617404301020318,1.0736429414744366,1.2947884768680025,0.0017629696719509186
v_subj(22).46,1.1058536754894104,0.18285834687666866,0.7518013018370263,0.9820803048865949,1.105492182593748,1.2285595969107868,1.468817849390574,0.0021242094994516326
v_subj(22).48,1.0481646647877183,0.18030793765523132,0.7043966150985367,0.924658442839227,1.0459492755943953,1.1703169086674592,1.407239202057144,0.0021716449795054233
v_subj(22).50,0.7570325839975572,0.19780265410225295,0.38123174142978633,0.6229322327205992,0.7519076844806134,0.887715831972929,1.1623948979686816,0.0022057300377630613
v_subj(22).52,1.0072795252641609,0.19494685280828386,0.6286871573705636,0.875728952181319,1.005757145356208,1.1377848117957612,1.39088464867232,0.0019442200426045397
v_subj(22).57,0.6043464682042389,0.1566772373110309,0.3058306363501275,0.4964575627272341,0.6008840049241835,0.7080716078567356,0.9190830190361625,0.002529855784215701
v_subj(22).59,1.2313741424444478,0.18886334047006376,0.8711778609521575,1.1035291054087981,1.227227348297292,1.357214048637294,1.6145733214877045,0.0022887336803122152
v_subj(22).63,0.98089999308379,0.16643067702252273,0.659080094365966,0.8699166290220729,0.9799449278219546,1.0903197660858024,1.3094641299473233,0.0019723534544605825
v_subj(22).72,1.0061770759224256,0.19183358840696155,0.6429823801348564,0.8755615654009948,1.0021145058969414,1.1339319181951137,1.3939394739402386,0.0022151200967271503
v_subj(22).79,1.180239881511973,0.18626861969964623,0.8205145886397747,1.0550804829638472,1.1796730777208548,1.3019742342187994,1.5479181004972427,0.0020940153876665615
v_subj(22).83,0.686599232520301,0.1578985163146837,0.381650942581794,0.5789204745850042,0.6852299312643859,0.7913879358244105,1.000428603919794,0.0015851825324074414
v_subj(22).87,1.0927620498329613,0.17342241059365066,0.7602786845049669,0.9753764318893436,1.0886066643422057,1.2088800345738608,1.4400637199504223,0.0018430460117697476
v_subj(22).92,1.031810731086375,0.17525254049323838,0.689232023509035,0.9135360315603043,1.0311934116687183,1.1490327185553066,1.3775201081144495,0.0019486805274609603
v_subj(22).94,1.1336793499612996,0.17768127107761691,0.7871693838827745,1.0141909895878924,1.13256100927888,1.2491809276045374,1.4935159215406144,0.001836146334255904
v_subj(22).95,1.0693410449816936,0.18099028042015972,0.7204175498254078,0.9476292036796907,1.0682045232331476,1.188853301221162,1.4345267050391646,0.00212437925261219
v_subj(22).97,0.8233084146247608,0.1543612275923634,0.5206686188800198,0.7193478571435811,0.8219000977221502,0.9263746208479267,1.1314538873115234,0.0016113637525904066
v_subj(22).100,0.8987896496012423,0.15951818708458657,0.5881095052616196,0.7909931085107338,0.8992621102849512,1.0043091809628901,1.2126650332285622,0.0017594140726490206
v_subj(22).105,0.8409423384998287,0.167219363678412,0.5081187514095472,0.7280709629570186,0.8434446624682176,0.9541898013402086,1.1625159668099847,0.0020067482596359885
v_subj(22).107,1.176894545031096,0.19130143874247255,0.8110471952869904,1.0476996962644036,1.170430208253926,1.3014060088888344,1.5592573053245302,0.0024918724746393296
v_subj(22).108,1.1982697890674403,0.1953044182154211,0.8222850876874588,1.0645399314561037,1.1956625144656892,1.3271444414797204,1.5902199760293165,0.002396709006475898
v_subj(22).109,1.006416062809201,0.18452418015423017,0.650842689885198,0.8838071959610254,1.0051626065156085,1.1262306809363798,1.3746684114692336,0.0020185576989175604
v_subj(22).112,1.093537201151139,0.18556585214290175,0.7321847886965931,0.9702363081727883,1.0929352171676026,1.2154611608064216,1.460049008334741,0.002030356166951416
v_subj(22).117,1.1839834029986027,0.19594449661876845,0.8076733286628817,1.0515768170191677,1.181228750251829,1.3132789290493427,1.5824163005168672,0.0027830616752593665
v_subj(22).118,1.1397790979508249,0.1867048463834132,0.7752369771667748,1.0131909087931916,1.1395108701815115,1.2650465017544819,1.51031825376943,0.0021038325125636065
v_subj(22).119,1.0496293366778149,0.18513705760262125,0.6836949292223262,0.9266404003222252,1.0467463048284262,1.169027251202817,1.4182566230078173,0.0019881546552716674
v_subj(22).121,1.119107678205608,0.1932851252443399,0.7461183555699779,0.9833321488823844,1.1191660354763888,1.2502328649604886,1.4992601151493143,0.002596057839517474
v_subj(22).123,1.0354765501198906,0.17737934694106566,0.6954049160138549,0.9142528814599014,1.033973900815008,1.1556283341860347,1.3930794628935288,0.001890106957978405
v_subj(22).126,1.207235423027549,0.1980259857571263,0.8246838699030147,1.0719068642680527,1.2046696975577333,1.3409833359514072,1.602248962427406,0.00229783691087657
v_subj(22).130,0.981474254225034,0.18404593516218426,0.6241869877523027,0.8560556445464591,0.9786748593317067,1.1033976836620905,1.3470013137925658,0.002324678374968413
v_subj(22).131,1.1415600719572139,0.19118738915787653,0.7719521996376039,1.01437975529004,1.141659046988577,1.265341620248087,1.5281265425364112,0.0022131898180118063
v_subj(22).134,0.8396238025778392,0.16483040396580004,0.5197699679764964,0.7302723135019921,0.8385372168189897,0.9501779226439041,1.166113315415906,0.0017065586167260844
v_subj(22).135,1.1632042082011986,0.18631988999304597,0.8052180381313145,1.0382708419814253,1.161087048183704,1.2854370856138526,1.5298684224299535,0.002144431398235569
v_subj(22).136,1.1349852147478707,0.1959442523481653,0.7624311275711608,1.0033032152584167,1.133794927963936,1.2622300285991277,1.523488973236802,0.0023822047080826235
v_subj(22).142,1.000995791940658,0.16642468663499205,0.6740804135616507,0.8899192987158275,0.999812277626405,1.1110142407437564,1.3318261836331637,0.001723700162660114
v_subj(22).145,1.205932354028591,0.18618047088092737,0.8483264832016495,1.0779357935942329,1.2046376017510685,1.3275964756562915,1.5790736095711166,0.0019557300300341194
v_subj(22).146,1.0458230877694503,0.18947791840699527,0.6771650434794667,0.9190051967498474,1.043608867054373,1.1761512058649508,1.4162236282732046,0.0021602316733938315
v_subj(22).148,0.8600821306445896,0.17134482982331095,0.5280747761393569,0.7473389335340404,0.8604686180448968,0.9731411540475969,1.1983597853759023,0.0019272093526932614
v_subj(22).152,0.9510186695781173,0.16384130382442824,0.6308238467097932,0.8409201813627081,0.9511539917231526,1.0598395345035887,1.274144189250807,0.0019205563413848333
v_subj(22).154,1.2020918372693683,0.19080157293782848,0.8323161289474758,1.0714952321842452,1.198843169430587,1.333532412306931,1.580049788129873,0.002212962514474624
v_subj(22).155,0.8758169483224101,0.16640707788699868,0.5513515322057536,0.7632484343001236,0.8753064636411614,0.9835153661050263,1.2152730752121461,0.0018816483057646559
v_subj(22).157,1.1915213365926451,0.18591279855964457,0.8425397341267815,1.067317733522596,1.1880750522414432,1.3131536520650788,1.5662449745606872,0.002087971907462628
v_subj(22).159,0.802252192207547,0.15869447160276942,0.49562505325691264,0.6949471039791706,0.7999223353331204,0.9049022082146178,1.1268339092492357,0.0018561358357785372
v_subj(22).161,0.9388582193731512,0.16212891422966172,0.621310894628982,0.8299084914943192,0.9387528234314811,1.046966307356347,1.2608906081317233,0.0018372281077174697
v_subj(22).176,0.6683202277357286,0.1629243271326993,0.35132257413474033,0.5598661236778995,0.6682516647439803,0.7803792925199635,0.9856441024152234,0.0017030952697410558
v_subj(22).178,1.116540432244083,0.18052361333707764,0.7644487650105308,0.9928017381780374,1.1145397937231465,1.2380928958990243,1.4815913733418087,0.0020516542197295804
v_subj(22).179,0.9517188152522833,0.1892653092739005,0.5912910029507789,0.8226303674209458,0.9486576579356836,1.07947807529267,1.3269737487401079,0.0020346895386789705
v_subj(22).181,0.9419635716528862,0.18058288630535255,0.5914257602325661,0.8183051722798667,0.9443311584940199,1.0616263310559404,1.3004744500161034,0.001949900571426387
v_subj(22).183,0.9729078518819295,0.1620990688444825,0.655506429636807,0.8640191324625865,0.9718198033204015,1.0818129945238022,1.298720808646788,0.0016595463616627122
v_subj(22).184,1.1666812600301604,0.1950751202281452,0.7888460066990637,1.0358187241954053,1.1648751135795645,1.2972765447550048,1.5503310839605038,0.0022083335567328003
v_subj(22).186,0.328371191774298,0.17635864712495952,-0.01829139109409069,0.20983868952633694,0.3288340942648744,0.44731960656776815,0.6730551268733184,0.0024996104026695355
v_subj(22).189,0.8934804891694191,0.14952169709239366,0.6001961224439483,0.7927425756286803,0.8933983469390491,0.9940322936687814,1.187051128278412,0.001763925499059037
v_subj(22).193,0.9239629343769259,0.18494105698503102,0.5637148967676726,0.7973518578913087,0.9234974110840202,1.0497867631364013,1.2855824912436464,0.0019209758683292346
v_subj(22).194,0.7452581627422431,0.16152245817271982,0.43723406164755035,0.6363220461741965,0.7421724023382383,0.854226904193344,1.065250849127658,0.0018819219879407279
v_subj(22).196,0.40322246396221634,0.16696012602591895,0.0804838576965039,0.2894598666509214,0.40170881281465853,0.515014912071198,0.7324497936295369,0.0023622310981057273
v_subj(22).1001,1.0191124893541776,0.16503055207968956,0.6942096409723659,0.9102442281398841,1.0169268273301253,1.1265562792356905,1.3498372848437539,0.001795631478105695
v_subj(22).1003,0.9704691362369252,0.16589118674441677,0.6491846505018354,0.8605812692203422,0.970465532300295,1.0794619244791175,1.3051397106407059,0.0017518004101592522
v_subj(22).1007,1.0411515714602784,0.1727280198034686,0.713924930305685,0.9230831311726158,1.0387290887211313,1.1537180637317237,1.3846613353814878,0.0021546165058269518
v_subj(22).1009,0.9332165204588302,0.17842012189926404,0.5817699238988858,0.8148979858243606,0.9328984583017723,1.0499333325836062,1.2910908844337219,0.00213255922108583
v_subj(22).1015,1.0407102963160146,0.18330558927718874,0.6862616255636673,0.9174710589565547,1.0367237898570956,1.1604119297602145,1.4077663674564591,0.002173178024353663
v_subj(22).1017,1.204292116884968,0.194611202352799,0.8272277265841396,1.071655712952114,1.2039983911818395,1.3357167155770107,1.5920012871371783,0.0024445236369953255
v_subj(22).1021,0.8612105236052882,0.16817984449207748,0.5348103322296773,0.7475136680467849,0.8594752893487676,0.9712018566886625,1.1965942835486632,0.002139030604422951
v_subj(22).1025,1.262781342288929,0.19874060853963443,0.8767162878139898,1.1284321605354881,1.2604719629636136,1.393883701047344,1.6630955181641223,0.002575035168968151
v_subj(22).1027,1.0279371268762625,0.17644937321068763,0.6809278607874483,0.9121502093584117,1.027674602708203,1.1442594368420635,1.3826609628974251,0.0018748073060574002
v_subj(22).1029,1.1849601440111772,0.19017618250554352,0.8240577849564314,1.0548128307838507,1.180847936665575,1.3108484129386269,1.561916634411293,0.0024025075276716884
v_subj(22).1031,1.1592864847572202,0.19244654922865728,0.789690526992973,1.029678615445204,1.1566979211524608,1.2859619874224104,1.5552921184812907,0.001975449488065471
v_subj(22).1033,1.0287965548423361,0.17844144755035196,0.6816501725959095,0.9089362907420082,1.02764673929057,1.1481990536095452,1.3776760990168988,0.002032430281909769
v_subj(22).1035,1.1329615666437247,0.17645688059319783,0.7907739654655062,1.0131133899741012,1.1314687262432659,1.2483752591410608,1.486865384995546,0.0019836646884925308
v_subj(22).1041,1.301154974997094,0.20966474895914938,0.90023022119047,1.1584638506090335,1.2993770399689017,1.441598416862252,1.7195761326961696,0.0028723706367106906
v_subj(22).1043,1.0938713154591257,0.1853336898895035,0.7432761440144153,0.9685691508248594,1.0895026744115126,1.2160400650865932,1.4667794632639908,0.002319812881981334
v_subj(22).1045,1.101036016959211,0.1847751318963489,0.7496510864444272,0.9772392584460181,1.0974461027424793,1.224940624240333,1.4699520341132395,0.0020050881267086418
t(11),1.450390071317683,0.035487491351564135,1.3819885034340418,1.4263978929916665,1.4500661705276494,1.4745696571947988,1.5197419427590173,0.0005541874002573398
t(22),0.7900159183214288,0.03134718182154431,0.7291778258689702,0.768749517922467,0.7897767236709746,0.8108793366124882,0.8531456431135042,0.00045909823538627814
t_std,0.2910048165543398,0.02042605567240825,0.2522154528201203,0.27712952868563134,0.29035357809858997,0.30444620658602883,0.3322824685217741,0.0003852382945339779
t_subj(11).15,1.2724595950561588,0.07335906142954922,1.1045240149165088,1.2295626881844512,1.2819583524837794,1.3254499911174786,1.385902278847184,0.0009615300724174301
t_subj(11).16,2.2375915897741008,0.08930510428444775,2.0327092716399053,2.1848900204857777,2.248665007503355,2.3024846978645357,2.3776312810072193,0.0012986099889269037
t_subj(11).17,1.4365854044284991,0.12738465242965882,1.2032204121488765,1.3392102784819488,1.427158689081169,1.54423865563266,1.6538101870582906,0.00187750037681038
t_subj(11).24,1.898573477876458,0.19207083269303651,1.5379960679158864,1.7846063851532106,1.881899312064439,1.975257251748284,2.321497525385842,0.0031272965371299233
t_subj(11).26,1.048595150918441,0.08325218207726845,0.8916335166068827,0.9907159886169624,1.0409245254789126,1.1151589413163772,1.1987683359808525,0.0012227594494747874
t_subj(11).28,1.705766858411653,0.07861726821251439,1.5262098383097928,1.6616387830629542,1.71545948862745,1.7617973097375743,1.8309391355304132,0.0011828846882408397
t_subj(11).30,1.8642754061630111,0.1255734822605309,1.6354909066881167,1.8006405835410477,1.861519681045841,1.9151102148266,2.264707310376011,0.0031578093174643657
t_subj(11).34,1.4731003328235799,0.0868747820129471,1.2693507459240851,1.4234832446841827,1.4840325830578283,1.535563490243883,1.608734892640001,0.0011258491138350336
t_subj(11).36,1.4344250398341774,0.10382286187565888,1.2318969061622307,1.341707434975952,1.468549191017645,1.5209609869539296,1.5750342026210045,0.0023619007469923613
t_subj(11).38,1.272568091973844,0.11265551288564792,1.0652391324441766,1.2010141330118886,1.2639942849763732,1.326124222469285,1.5154156443253068,0.0016680156771268593
t_subj(11).40,1.5075894594801063,0.1300583015844246,1.2605350965776663,1.4216296917113824,1.4954240759875292,1.6008428550202407,1.7532909452031924,0.002023881078198976
t_subj(11).42,1.169823489177827,0.06496823117175235,1.024797023937774,1.131353851845972,1.1783912427688594,1.2171289840961674,1.2737328379645023,0.0009205502450358955
t_subj(11).44,1.6635608738664647,0.09141007105795752,1.4580944346670877,1.6127185746960704,1.6720020568856362,1.7220732399465668,1.8368841580250856,0.0012337495616974105
t_subj(11).46,1.730942712925969,0.15244214308134907,1.4452060023013047,1.6239467213588938,1.7075778279118154,1.8644992655662933,1.9980830147111976,0.002446179888916285
t_subj(11).48,1.8919798396880225,0.1548698798714782,1.439272893364744,1.8468255977276502,1.9239188423141522,1.9836764417199961,2.1213112391870226,0.0025424070427681007
t_subj(11).50,0.8578733565285913,0.1879726128340808,0.6228338069885315,0.723338950638853,0.7788891341842027,1.0354017225610883,1.279495291972941,0.006963530051852676
t_subj(11).52,1.304243062335516,0.06536581318160709,1.161991691765094,1.2661310845649227,1.309691604026312,1.3467813641287505,1.4231791357183585,0.0008740765862960126
t_subj(11).57,1.695912616502571,0.18445597678478856,1.2257991179945726,1.6178651032458564,1.7093872077613954,1.7821249135889499,2.042582944323823,0.0027615680593205106
t_subj(11).59,1.7275425118852628,0.10406412209848426,1.515729603788756,1.6708206334826143,1.7305941346381304,1.7846951700922795,1.933711788959809,0.001204759804152872
t_subj(11).63,2.157819865559131,0.1233775936245801,1.8657862459790282,2.094852214151306,2.179326629393386,2.2448171833405834,2.330205643049774,0.0017802153114938614
t_subj(11).72,1.7173304824704216,0.07830632619403198,1.5369845931319563,1.6732803121169963,1.7274251464718682,1.7734424742091974,1.8399496067330403,0.0010827436773200674
t_subj(11).79,0.8215168295115023,0.053055395502442385,0.7044496363431034,0.7894005308956195,0.8263897100943293,0.8584083976681867,0.9125833001006336,0.0007169896263684148
t_subj(11).83,1.5190567354961206,0.13760941880286987,1.242290380909035,1.450498879515702,1.5226017010188218,1.5878807097378118,1.8019021687920393,0.0021659292385877923
t_subj(11).87,1.7934848535372712,0.13051785629681845,1.4221022217938666,1.7558829190955068,1.8262843693050987,1.878323916124877,1.9486158997532923,0.003153992142256695
t_subj(11).92,1.5643041027171445,0.10650663858660712,1.35671038096814,1.5066356330882442,1.5658816814059489,1.6182017718382202,1.8415013950226544,0.0013534373601988112
t_subj(11).94,1.746913319770895,0.10014042148720784,1.5280219014960996,1.689729508214436,1.7580700613212707,1.810801064972841,1.8958293720653931,0.0012624512215713775
t_subj(11).95,1.0902556382872604,0.08558179154973461,0.9422311089728683,1.0289913734744145,1.0712620885850006,1.1676264614583154,1.245111240687176,0.0017196874087063736
t_subj(11).97,1.4415573394551136,0.11231595866909921,1.217273386594317,1.3806213911552339,1.4485970934800276,1.5062790589542572,1.621478083469302,0.0019051625431149653
t_subj(11).100,1.163628807349355,0.12243944840524751,0.9410220675607931,1.0646085096880478,1.1612419711878121,1.2711839290431695,1.36327926785469,0.0022165452102437594
t_subj(11).105,1.4748813328957076,0.07770449028116326,1.2946448217603874,1.4291303478702242,1.4846923436138075,1.5310008794467147,1.5951558612392311,0.001076955714476145
t_subj(11).107,1.545736998561281,0.07198308684079681,1.3778537148885128,1.5045556237331927,1.5553144598335524,1.5946665260734347,1.6628766126022347,0.0009762118651782404
t_subj(11).108,1.0379852939214198,0.10394028852406527,0.8397439559782691,0.962003155622817,1.0529973545167703,1.099585456225733,1.2337954082954499,0.0017035179784804719
t_subj(11).109,1.3718122097042758,0.08559698439328944,1.1801650888380302,1.3232801949903243,1.383122862202788,1.4313306419544782,1.5068959178828119,0.0012988119231950128
t_subj(11).112,1.0660063751180968,0.0809814474198715,0.890498852081019,1.0180173864491961,1.0725130860298773,1.1194845890327587,1.2088600567779473,0.0009513253564110936
t_subj(11).117,1.3738095152976944,0.11868620983168333,1.1524938545396344,1.2916670659917124,1.3608549491580044,1.4681762254555424,1.593623624276396,0.0017791105691201986
t_subj(11).118,1.2946016260461737,0.10368516854357868,1.1024034451218596,1.220759990736549,1.279638740027099,1.3841611399721179,1.4753680711088386,0.001833706751243814
t_subj(11).119,0.8513794036476875,0.043920427325423894,0.7510680163414798,0.8245018109016713,0.8564887312062289,0.8833831962076085,0.9219492258188312,0.0007280457361404362
t_subj(11).121,2.181094790180902,0.11902878574699356,1.9149068546505537,2.1259746891275553,2.2011740779939792,2.2602650704951017,2.341769570102698,0.002021837915244796
t_subj(11).123,1.3019786412171352,0.15027877436168227,1.0410649446528681,1.2017638509142075,1.2766681788444036,1.4063825735726647,1.5986148336656107,0.0019790219432277278
t_subj(11).126,1.0691151147988562,0.06863810506529075,0.9228878629246463,1.029108208882265,1.0735126240168884,1.1116670113778375,1.2111113908515438,0.0008748419011637611
t_subj(11).130,1.1273722226245066,0.09843677100091056,0.9512037939482859,1.0624974287928395,1.1146245747940013,1.187445880355495,1.3248330213505783,0.0012085839993211508
t_subj(11).131,1.6538890482614934,0.0909367517298084,1.4453953385942173,1.6015067920033714,1.665843913474113,1.7190021403827096,1.7943721381018292,0.0012972556587926044
t_subj(11).134,1.5189140271206973,0.1692494842111688,1.149471140568311,1.4239448925354163,1.5734489300342258,1.643663836980829,1.7337953732160478,0.0036052777300244914
t_subj(11).135,1.2277958267531297,0.09480690329964435,1.051288871574648,1.1643857759738816,1.216501880253283,1.3006834510141771,1.407613534476179,0.0014780365168992721
t_subj(11).136,1.2721299244179012,0.08254221338725394,1.0799087961438216,1.2229844333073747,1.2827724617737957,1.3318291477190485,1.4034093357246897,0.0011920778976931474
t_subj(11).142,1.5790422299538924,0.1007022234449282,1.3508548265554925,1.519131689655976,1.5914888003369732,1.651759756374397,1.7389990394222037,0.0014588389800459468
t_subj(11).145,1.6046561603049183,0.10826928649643938,1.4113932484609018,1.5472522872700927,1.6023777904572,1.652435679289407,1.9370819402861164,0.0032184538677548584
t_subj(11).146,1.3812124206796157,0.09140534072402773,1.2022485177026012,1.3258080076105996,1.3785169509635096,1.4304024633901689,1.587143060238703,0.0011653911777215376
t_subj(11).148,1.1557001009731902,0.15373087068046354,0.8586962965648675,1.0853066130448523,1.1436969555865502,1.1944739150570005,1.6013515628732242,0.0035905766911726545
t_subj(11).152,1.7610341807307777,0.17258789005373185,1.3064940278941568,1.7001850828300187,1.8057719233869753,1.8781093817254804,1.9769607493493295,0.0035248451159589785
t_subj(11).154,1.8837045173531106,0.08361902549835878,1.688075161863134,1.8396953273516563,1.8960240775012842,1.9404998297587346,2.012975846792021,0.0011708459280378235
t_subj(11).155,1.4597190884206672,0.08152377864759364,1.2711028774927724,1.4136375091771898,1.4689913072501768,1.5174705673995326,1.589596198492985,0.0009796722058937662
t_subj(11).157,1.3421142947095572,0.08550768596938352,1.1601735973630993,1.292935852303014,1.3497271696459237,1.398603225698451,1.4724620240000004,0.0011971125215029534
t_subj(11).159,1.6829372844326245,0.12468581052297002,1.4491303074298445,1.6122881771605988,1.6836331934440936,1.7450285157805485,2.028994975304911,0.0020950490154511186
t_subj(11).161,1.591899474059448,0.15297783855337002,1.3329009506219651,1.500983448773743,1.5730018706490037,1.6583158140815968,1.964699718992679,0.002382728296601403
t_subj(11).176,1.3600239207578553,0.0752291170262476,1.1895554197594984,1.315401787815042,1.3687580784615436,1.4146998803050135,1.477716158077706,0.0010055127551808593
t_subj(11).178,1.8234875639348884,0.0913997056078544,1.6090045294450566,1.773769474080996,1.8359972560108122,1.8869464978969068,1.9653992804972413,0.0013742920341854369
t_subj(11).179,1.8248967733628532,0.16518782530745152,1.4455311410954939,1.7286695177904594,1.848291835711022,1.9434916275036773,2.0725849786958666,0.002058516395824497
t_subj(11).181,1.3121399663660334,0.10674705311769628,1.109210400361729,1.2476010914677322,1.3064342679156111,1.3671311056861462,1.5423189379201074,0.0013929756131547432
t_subj(11).183,1.539928570366461,0.09224731623051179,1.3348308407796945,1.4861950525083394,1.5496040299948501,1.599214878729022,1.7142026004936797,0.0011684544869554607
t_subj(11).184,1.2947254152719034,0.06588301832616944,1.1512128806173392,1.256176057628674,1.3012833681478013,1.3386291958504457,1.4138443676550774,0.000866129070030481
t_subj(11).186,1.309263324217833,0.11414376361267213,1.092577024761297,1.2420973169588396,1.3057100805868262,1.3637012185693191,1.5558772465709538,0.0012078041493000398
t_subj(11).189,1.8722667609644634,0.27021047803959636,1.305775306336182,1.68572386443379,1.8956165016003466,2.077743832313621,2.3194230016578525,0.0029914530171418984
t_subj(11).193,1.3649211804869879,0.07999330207417434,1.1853895048345937,1.320086444807951,1.3749935096850225,1.4211893889015537,1.4892449438277255,0.0010093927413788752
t_subj(11).194,1.6422216180764142,0.1372019643705299,1.3928908850398174,1.5573656305376826,1.6249334016135129,1.703414852802727,1.9314991228364757,0.0021965557759565475
t_subj(11).196,1.0677635965375942,0.159737813567186,0.7230620524581348,0.9650923487694906,1.042132502931584,1.2046321119183983,1.351000163801729,0.0026291249308663407
t_subj(11).1001,2.0005312864632883,0.10031564282552227,1.7721437015592167,1.9451708122970608,2.013949969744198,2.0675497950993935,2.170270099177133,0.001528132500714924
t_subj(11).1003,1.5902084729194943,0.27159751550216243,1.083764997904384,1.3037437435874528,1.7058464092973227,1.8016592982629258,1.9400535153581862,0.00884221724156241
t_subj(11).1007,1.381853960148259,0.07747005487186304,1.205036861809441,1.3370800181290858,1.3909116264549566,1.4354281171834786,1.5097759666409527,0.0010803745247170925
t_subj(11).1009,1.4409041740115238,0.0815852596209041,1.2548981058956532,1.393662216697618,1.4508512164820417,1.500418246791858,1.5683615931274246,0.0008964761747959205
t_subj(11).1015,1.4649522310546084,0.07961084803533645,1.2911320480954283,1.4201377963059296,1.4732479913199532,1.5172291395938877,1.5934272793618078,0.0008758417905222061
t_subj(11).1017,1.6780489122776998,0.07450763726946315,1.5137421061340872,1.6350322247172298,1.6848248549878126,1.725127241880811,1.8264223631987588,0.0010556485448027769
t_subj(11).1021,1.6152012060247933,0.16931590255282436,1.2761835411855882,1.4768100032112805,1.6525432610060007,1.730258284141868,1.9264218967376145,0.002880835349093483
t_subj(11).1025,1.584774805405939,0.07085302881066426,1.4165931377600494,1.5447767653286457,1.5935196348583702,1.635652423659105,1.6956191198354427,0.00104410313426486
t_subj(11).1027,1.5417305143652085,0.1058242864733308,1.2160297468647947,1.5032338168680772,1.5625818769354678,1.6108381213611527,1.6758805361739773,0.0023665401153762254
t_subj(11).1029,1.2069842695760036,0.06281310711079557,1.0677593965745482,1.1697015654478284,1.2137732598916766,1.2501811596170984,1.3089814899831902,0.0007104182276345486
t_subj(11).1031,1.3580014937935487,0.0960103472337982,1.1881446791645982,1.2974173122576929,1.347027963365826,1.4013611257221525,1.5655360849212054,0.0016385837263046415
t_subj(11).1033,0.7308583484387439,0.1333381766313277,0.564117858668969,0.6430912736525145,0.6836887264773823,0.7841695522045852,1.0319279475691232,0.003210664374533034
t_subj(11).1035,1.3369550226228806,0.11165392779875963,1.1343676745871492,1.2442471719386277,1.345890617983519,1.4374109862904032,1.506276608261453,0.002566475793656362
t_subj(11).1041,1.4126261450240922,0.10756288568769719,1.2283467925794853,1.3366917901472295,1.3900209746911065,1.5086815220717131,1.603777329595134,0.0020872361969004544
t_subj(11).1043,1.5526097069147073,0.0912667116938457,1.3479731166985904,1.497892027205026,1.5623322839913822,1.6170031007376477,1.7017431068978324,0.001032916418657024
t_subj(11).1045,1.7480983199195776,0.1260449692914666,1.4281791589480497,1.7010162964430937,1.7835389271982585,1.834532278914525,1.9044416657550136,0.00214402041454661
t_subj(22).15,0.6524136356700061,0.051630033114938606,0.5312063987402119,0.6227327562602951,0.659482216056577,0.6895534045182068,0.7323854249878718,0.0007537483266642664
t_subj(22).16,1.1145811780513808,0.06528333914609909,0.965813933086593,1.0763516575214114,1.1238447903150701,1.161965605679389,1.2162822711891907,0.0010513877569695482
t_subj(22).17,0.8725069101134492,0.06517605886489597,0.7187466481917446,0.8365340458100121,0.8823319947313549,0.9188983742743003,0.9706295978605612,0.0010238061127941381
t_subj(22).19,0.8297674968422595,0.11203822348994955,0.6247140903640549,0.729386101250428,0.8627456947820098,0.927880877340101,0.9859619499238287,0.0026700666246227424
t_subj(22).24,1.116065583198011,0.08526525350834276,0.9459638228151996,1.0654135583957147,1.1168420298113722,1.1606444322971887,1.311918085693644,0.00121138768356642
t_subj(22).26,0.6007743280638591,0.04353040306751556,0.49929904069828346,0.5768231256393014,0.6073500836758885,0.6317874398462906,0.6665243872509965,0.0008162465559992289
t_subj(22).28,0.8552783987361974,0.05063597341478254,0.7381951616691166,0.8254986681860652,0.8628536006827476,0.8917690111723657,0.9336927798235181,0.0008531230655239667
t_subj(22).30,0.575531159551533,0.048697973497546024,0.4641292955351292,0.5486996501982333,0.5809336205711532,0.6086075527322271,0.6526035158121506,0.0007185620836621322
t_subj(22).34,0.8401470015937633,0.055143698984701416,0.7159737709022188,0.8098754269708264,0.8454587491609791,0.8758709967679674,0.9419545320987441,0.0009270853499435058
t_subj(22).36,0.7009007631757409,0.08434307498055316,0.5556115212542273,0.653859636449452,0.6943981729271542,0.732912137106279,0.9352198733784055,0.0015655124112768791
t_subj(22).38,0.6975988203253968,0.055219272165055615,0.5695502702910329,0.6656182883848594,0.7050913922712843,0.7366579643391441,0.783228233295861,0.000747763987558757
t_subj(22).40,0.6353539042865983,0.05725867182341356,0.5065947896504371,0.6040290125650506,0.6408202824844034,0.6733552128426358,0.7345623687172839,0.0007313775775712123
t_subj(22).42,0.5831315537331391,0.07957217450531544,0.4427831262009238,0.5306766882358539,0.5702769438704838,0.6298917836732159,0.7453218402824197,0.0013781022918605155
t_subj(22).44,0.7392599348411513,0.0595994595917222,0.6042765877259162,0.7044696949918093,0.7473736406423888,0.7822784659652523,0.8336209890202583,0.000955938696079884
t_subj(22).46,0.7240651500733848,0.05598688046191081,0.5922942246994913,0.6931663052007803,0.732774405683832,0.7637761594638283,0.810059828060913,0.0007468873030642236
t_subj(22).48,0.8291074984257127,0.0583960312774819,0.6892372672305487,0.7968503556188652,0.8376006857671788,0.8714306191599948,0.9174798823120073,0.0009772771392581102
t_subj(22).50,0.133898906186985,0.05057310856731375,0.07184532258484087,0.1109464478459065,0.13171250714866253,0.15166187873037207,0.18798555374278597,0.001459280061645164
t_subj(22).52,0.6435507703077372,0.0421783677073426,0.5430077228352976,0.6199031305744909,0.6502287858970863,0.6740482819858697,0.7073898291998724,0.0007796596830889725
t_subj(22).57,0.654506422159389,0.19308967074255776,0.40227110842639985,0.5206065644801762,0.5816437572696426,0.8294051941183861,1.0507602669139007,0.0076746718589018395
t_subj(22).59,0.6851485342519612,0.05212478472653662,0.5671820637425937,0.654581264417307,0.6912851934085986,0.7230371079714514,0.7675134193107553,0.0008671177873907237
t_subj(22).63,0.987067906607698,0.06861054303294847,0.827210527749402,0.9480716148407736,0.9968444742873247,1.0367568040860136,1.093215095132892,0.0009095189679155336
t_subj(22).72,0.5895214414397706,0.04578182904592208,0.4818495576846418,0.5638757320885556,0.5965566377203314,0.6217204631387215,0.6579638504276041,0.0006813264892201672
t_subj(22).79,0.674267434932572,0.04971986708942326,0.5624866072195535,0.6452797133531587,0.6796024784646462,0.7096656698819042,0.7548273125391224,0.0007427255626979158
t_subj(22).83,0.4200995730230272,0.1424038639692614,0.24098027697638083,0.32725144873619716,0.36924457032535596,0.46477022188626893,0.7314468614564898,0.004420063331113768
t_subj(22).87,0.6101350358518707,0.055921555324915766,0.482217108434458,0.5774659457143061,0.6165437315247579,0.6497603761878118,0.6986642461587014,0.0007249878250383571
t_subj(22).92,0.7357118863095362,0.05374749080479769,0.6087612930719781,0.7046191550916647,0.7439111866934841,0.774171277492399,0.8191609250650079,0.0009113875324329496
t_subj(22).94,0.7604688653067231,0.05407722226994717,0.637669007596082,0.730468875477558,0.7673386186990461,0.7970565494620906,0.8447681813085058,0.0008345757584558681
t_subj(22).95,0.5365910677579926,0.04723376456433924,0.4255295440240209,0.5094213719233738,0.5429003411003716,0.5710342391052616,0.6092008687002243,0.0007507485376567309
t_subj(22).97,0.8043546113747885,0.10344702729638923,0.4941518772813157,0.7678274798482653,0.8262918274190562,0.8703441764754118,0.9340240167592403,0.001725380936654335
t_subj(22).100,0.5435783943204266,0.05922941049959119,0.40823519779052947,0.5099258849195617,0.5512153419937393,0.583846498485148,0.6393436381249914,0.0007725329777773672
t_subj(22).105,0.8489457885702358,0.06249119014824146,0.7020143209509077,0.8136958067937841,0.8581845756770317,0.8936403643249262,0.9449550691186687,0.0009188516803755504
t_subj(22).107,0.7727279794719906,0.051234998655896064,0.6491261201124392,0.7440231355044998,0.7807243059117493,0.8096328225635512,0.8490931712028446,0.000722473043890493
t_subj(22).108,0.8846183351814821,0.07758119280567716,0.6920020140434885,0.8504508214946214,0.900851010141782,0.9399131701894996,0.9901146900757792,0.0014380665218673584
t_subj(22).109,0.5753704520091918,0.0516673512098932,0.45794810180562734,0.5449285884787908,0.5812426192536522,0.6109154247741637,0.6591957378625776,0.0007478063565380038
t_subj(22).112,0.7055785623705697,0.049380801819818645,0.5909058115971108,0.6777933043081729,0.7127053500697,0.7405303668498457,0.7819153538483661,0.0007353234196801524
t_subj(22).117,0.5470020250741839,0.04212767980077337,0.45104827635055633,0.5217579342211445,0.5523238367814712,0.577313894361034,0.6142044230899878,0.000712207632864357
t_subj(22).118,0.6279221070153493,0.05372105548239819,0.5037437303473806,0.5970037381634532,0.6347315295609115,0.6666850185887555,0.7129133675935652,0.0009076229073438948
t_subj(22).119,0.6272252924958925,0.05253191378587115,0.509700986471274,0.5967857083150727,0.634646129088902,0.6659342622065254,0.7081833170463161,0.0007976820767117384
t_subj(22).121,0.9614544428188206,0.07695464996556711,0.8101405256520734,0.9082143290885138,0.9574178582231551,1.025232720182713,1.0892187476439774,0.001210152626381091
t_subj(22).123,0.8568818062663286,0.061831636994243114,0.7161127245022741,0.821941307682098,0.8660755507505218,0.9011102646333434,0.9533234698986958,0.0009329705265256897
t_subj(22).126,0.5786636338034534,0.05370775602184817,0.46944075704681865,0.5493019747198049,0.5798762565202108,0.6056868157717814,0.708941928107142,0.0009704634429590113
t_subj(22).130,0.5999282612434642,0.046496098771770245,0.49255429999681555,0.5735091141316353,0.6058440442872378,0.6325499968948557,0.6728865868493125,0.0007044602764436045
t_subj(22).131,0.7185003582065314,0.05551620889614736,0.58983730053789,0.686612648883067,0.72544661000916,0.7589010097129011,0.8049614917836218,0.0009229310343255214
t_subj(22).134,0.6565973972432574,0.06767397947913933,0.5057690953805211,0.615278331214008,0.6643635885532625,0.7046208048529601,0.769616785499376,0.0008620758307524562
t_subj(22).135,0.661389292567455,0.04475812198502596,0.5604636857516289,0.636665763529445,0.6658172359128929,0.690593703667746,0.7333654922814427,0.0006826252302757381
t_subj(22).136,0.7085921294864562,0.05622085456125923,0.5771547866639797,0.6757020227103858,0.7167460987785612,0.7495458881538613,0.7950904393946745,0.0008379510904446642
t_subj(22).142,0.6947955013339251,0.05702647537515039,0.5647156619313526,0.6608804492532199,0.7021178808410682,0.7356555468040489,0.7852823430642986,0.0008284708380845461
t_subj(22).145,0.6975315463681121,0.060693352214383815,0.5713539551482698,0.6672085021418724,0.7062671313930303,0.7380751919913983,0.784956022937767,0.0012379786701364561
t_subj(22).146,0.6375435968180421,0.05327124740917262,0.5155857842585605,0.6078619797518601,0.6448578478873985,0.6740536700887773,0.7204229618235548,0.0007892036987263406
t_subj(22).148,0.5143154591339496,0.07776437572385753,0.2963135994346118,0.4860260211597561,0.5308731988815895,0.5668628683798915,0.6156099538864607,0.0012626542245985218
t_subj(22).152,0.8773746389178075,0.07206619592929012,0.70831202988595,0.8358030571487219,0.8871286097194139,0.9293041081248299,0.9907215370112267,0.0010884891337833722
t_subj(22).154,1.0026492421041955,0.054162984907816125,0.8800591146121333,0.971565191664691,1.0097002243184585,1.0412293888604556,1.089067714709162,0.0008792111497008509
t_subj(22).155,0.5949290730362838,0.12243617292775434,0.38723658130442234,0.4997803047507591,0.567585828929072,0.7028382469157001,0.8139290111551785,0.002356151651869642
t_subj(22).157,0.6490658817587817,0.04611808698414366,0.5421557648642121,0.6220834725527408,0.6544184945432994,0.6820333197332609,0.7217544110668528,0.0007232256474429292
t_subj(22).159,1.0085824262327616,0.16249880988037319,0.702498429317371,0.8861793064542371,1.0203127536770122,1.1046217154910454,1.3545566960230389,0.0024933299295492673
t_subj(22).161,0.7284051944622271,0.0606431251472738,0.5899562573685017,0.6946748139379317,0.7359357358626144,0.7714395734337502,0.8246759449361416,0.0008804189795026333
t_subj(22).176,1.0308864038081966,0.08781792269088208,0.822317747002526,0.9842618485725466,1.0439861271820805,1.0914445395739714,1.1653683621093256,0.0012301456173821046
t_subj(22).178,0.7804393243982025,0.05708380671507743,0.6440383290396867,0.7491855916264232,0.7886579255424534,0.821372316036106,0.8663668796991465,0.0009349746166509729
t_subj(22).179,1.545549111493538,0.10546456556745602,1.323888838853365,1.4908454175137686,1.5506681552574964,1.599977982778053,1.7901686028911807,0.0017133304297978602
t_subj(22).181,0.7553841685363465,0.059340937310621976,0.6165303863164897,0.7226839048559561,0.7643567614623427,0.797965338071937,0.8446305402752421,0.000826857928104636
t_subj(22).183,1.0226958966968764,0.07148708824033774,0.8568728714601841,0.9824234882811659,1.032461858489565,1.0743129083119236,1.132252178285405,0.0010554871826360462
t_subj(22).184,0.8377049628055604,0.047497305106375995,0.7238956171134152,0.8129604833614595,0.8449693041122275,0.8712561074718521,0.9088096204084799,0.0008180737843580319
t_subj(22).186,0.9420717517123008,0.08112923952313714,0.7532722526468245,0.8998159181886215,0.95447742708585,0.998318408849903,1.0622211223347835,0.001203998947437022
t_subj(22).189,0.8015074058927532,0.07337952223825336,0.6376595185837264,0.7600520017239293,0.8087025611209758,0.8490801781649913,0.9290440041724946,0.0009728682901773138
t_subj(22).193,0.6608289005832297,0.0605520438018905,0.5257183627364459,0.6256622509490779,0.6666533098455371,0.7020119850382844,0.7700050436677677,0.0008536797185484318
t_subj(22).194,1.1605922441501455,0.07876958822184282,0.9813255658713769,1.1242820305628212,1.17310071695031,1.2134998319605632,1.2692452674627275,0.0015340572002158423
t_subj(22).196,1.3151222539407406,0.10642716379395968,1.062566168346698,1.2662632995093481,1.3337533077861625,1.3857658712843022,1.463398876373985,0.0016453841812226193
t_subj(22).1001,0.8533940128693652,0.08254519347419952,0.6819331190009916,0.8061800676216351,0.8560638265002841,0.8985013887631413,1.0406273971166013,0.0011486603274414703
t_subj(22).1003,0.8883482727051505,0.07260766161123847,0.7423792212158047,0.8491115316776189,0.8898971344784053,0.9261280862201419,1.0810767690737066,0.0013077864058874413
t_subj(22).1007,0.4511879740461095,0.05445984477743718,0.331213062382758,0.42023503465522777,0.4556833240329342,0.48554491265998734,0.5615688555717321,0.000873409082658153
t_subj(22).1009,1.0651450319208713,0.12730048129503893,0.7639824243860784,1.0221195996781605,1.1062175226880682,1.1548137572051163,1.2159776019250623,0.0034854309724070254
t_subj(22).1015,0.7013298122060783,0.06873163530733536,0.5602462699327687,0.6575564946707294,0.7005960123962914,0.7439978130748441,0.8349779851664088,0.0008665817928903247
t_subj(22).1017,0.7915828689716742,0.04729109738218832,0.6817235016834349,0.7655999837401819,0.7980894928556698,0.825376544799421,0.8634727777112581,0.0006600737515187417
t_subj(22).1021,0.8026439491019784,0.1004588744596168,0.6267601138925892,0.7331998480863411,0.78066939313188,0.8919271448218586,0.984194284236502,0.002121457985161785
t_subj(22).1025,0.6681324941085066,0.0434738748370716,0.5698267349645105,0.6434900361165393,0.6728546490579579,0.6972612821319984,0.7382979427941371,0.0007411257334121646
t_subj(22).1027,0.7417357490819081,0.0626064253704162,0.6007050143771485,0.7056779698899251,0.7493036534358237,0.7847227463049751,0.8406054878618924,0.0007593080728143745
t_subj(22).1029,0.6994854003735986,0.06103206612663883,0.5732402023587783,0.6607042394267987,0.7000986602661156,0.739123257947727,0.8094899685030432,0.0008371318362160642
t_subj(22).1031,0.6326835785268489,0.047665717512420915,0.5226599124330922,0.6045919021687473,0.6389777147092879,0.6674255493281054,0.7070956606936117,0.0008545210181436265
t_subj(22).1033,0.647886251180438,0.085003051699289,0.4757519030314785,0.5877568032614375,0.6623965008804149,0.7123355443257032,0.7708787533999091,0.0012482530444705437
t_subj(22).1035,0.5879752590532942,0.05145952970408366,0.47487598994630825,0.5584541006706423,0.5930289939064743,0.620856761979886,0.6726569632458428,0.0007852525629328201
t_subj(22).1041,0.6643995040573555,0.0402799105436841,0.5714233130217766,0.6411479037150837,0.6702837838293977,0.694060083829894,0.7260097127973499,0.0006998505590326156
t_subj(22).1043,0.9116400842628649,0.061709723630456424,0.7713388592049015,0.877798680273254,0.9190886246470751,0.9532055887184218,1.0137941763606293,0.0008859483971562154
t_subj(22).1045,1.213586969070677,0.06179244447748963,1.0683437910723068,1.1785743461427671,1.2222864152138109,1.2584222841172101,1.307017922864493,0.0009882420985820347
